Model,Train TP,Train FP,Train FN,Train TN,Train Recall,Train Precision,Train F-score,Test TP,Test FP,Test FN,Test TN,Test Recall,Test Precision,Test F-score
Random Forest Origin,338,48,38,331,0.89893617,0.875647668,0.887139108,55,40,41,53,0.572916667,0.578947368,0.57591623
Random Forest Tuned 1,334,44,42,335,0.888297872,0.883597884,0.885941645,55,40,41,53,0.572916667,0.578947368,0.57591623
Logistic Regression Origin,270,99,106,280,0.718085106,0.731707317,0.724832215,61,29,35,64,0.635416667,0.677777778,0.655913978
Logistic Regression Tuned 1,271,104,105,275,0.720744681,0.722666667,0.721704394,65,31,31,62,0.677083333,0.677083333,0.677083333
MLP Origin,268,94,107,286,0.714666667,0.740331492,0.727272727,57,28,40,64,0.587628866,0.670588235,0.626373626
MLP Tuned 1,256,89,119,291,0.682666667,0.742028986,0.711111111,59,26,38,66,0.608247423,0.694117647,0.648351648
MLP Tuned 2,326,172,49,208,0.869333333,0.654618474,0.746849943,76,43,21,49,0.783505155,0.638655462,0.703703704